eta,Pmax
0.00236510771069557,8.954360961426794
